PALABRA,CATEGORIA
Mate,Comida / Bebida
Termo,Comida / Bebida
Asado,Comida / Bebida
Medialuna,Comida / Bebida
Choripan,Comida / Bebida
Chimichurri,Comida / Bebida
Milanesa,Comida / Bebida
Empanada,Comida / Bebida
Humita,Comida / Bebida
Pizza,Comida / Bebida
Helado,Comida / Bebida
Escabio,Comida / Bebida
Birra,Comida / Bebida
Fugazzeta,Comida / Bebida
Riquelme,Deporte
Marcelo Gallardo,Deporte
Martín Palermo,Deporte
Julián Álvarez,Deporte
Rodrigo DePaul,Deporte
Leandro Paredes,Deporte
Paulo Dybala,Deporte
Enzo Fernandez,Deporte
Javier Mascherano,Deporte
Juan Martín Delpotro,Deporte
Franco Colapinto,Deporte
Maxi Lopez,Deporte
Lionel Scaloni,Deporte
Carlos Bianchi,Deporte
Ariel Ortega,Deporte
Manu Ginobili,Deporte
Paula Paretto,Deporte
Neymar,Deporte
Angel Di Maria,Deporte
Juan Sebastián Veron,Deporte
Lautaro Martínez,Deporte
Rafael Nadal,Deporte
Novak Djokovic,Deporte
Roger Federer,Deporte
Peque Schwartman ,Deporte
Luis Suárez,Deporte
Nicolás Otamendi,Deporte
Guillermo Barros Schelotto,Deporte
Mauro Icardi,Deporte
Maravilla Martínez,Deporte
Enzo Francescoli,Deporte
Casi Ángeles,Entretenimiento
Patito Feo,Entretenimiento
Relatos Salvajes,Entretenimiento
Los simuladores,Entretenimiento
Casados con hijos,Entretenimiento
División Palermo,Entretenimiento
Chiquititas,Entretenimiento
Envidiosa,Entretenimiento
El secreto de sus ojos,Entretenimiento
Floricienta,Entretenimiento
Rebelde way,Entretenimiento
Rocky,Entretenimiento
Harry Potter,Entretenimiento
El señor de los anillos,Entretenimiento
Toy Story,Entretenimiento
Shrek,Entretenimiento
Mi Pobre Angelito,Entretenimiento
Rápidos y Furiosos,Entretenimiento
Los Simpsons,Entretenimiento
La Casa de Papel,Entretenimiento
Modern Family,Entretenimiento
Lost,Entretenimiento
El marginal,Entretenimiento
Dr House,Entretenimiento
Game of Thrones,Entretenimiento
Mario Pergolini,Famosos
Marcelo Tinelli,Famosos
Migue Granados,Famosos
Nico Occhiato,Famosos
Duki,Famosos
Maria Becerra,Famosos
El Trinche,Famosos
Luquitas Rodríguez,Famosos
Mauricio Macri,Famosos
Cristina Kirchner,Famosos
Rober Galati,Famosos
Wanda Nara,Famosos
China Suárez,Famosos
Marley,Famosos
Flor Peña,Famosos
Guillermo Francella,Famosos
Ricardo Darin,Famosos
Dibu Martínez,Famosos
Yanina Latorre,Famosos
Ángel De Brito,Famosos
Guido kaczka,Famosos
Damián Betular,Famosos
Luisana Lopilato,Famosos
Coscu,Famosos
Paula Chaves,Famosos
Grego Rosello,Famosos
Sofi Martínez,Famosos
Luis Ventura ,Famosos
Jorge Rial,Famosos
Emilia Attias ,Famosos
Nico Vázquez ,Famosos
Jimena Barón,Famosos
Gimena Accardi,Famosos
Peter Lanzani,Famosos
Chino Darin,Famosos
Nico Cabré,Famosos
Mariano Martínez ,Famosos
Luciano Castro,Famosos
Luciana Salazar,Famosos
Adrián Suar,Famosos
Abel Pintos,Famosos
Pampita,Famosos
Oriana Sabatini ,Famosos
Sergio Kun Agüero,Famosos
Carlos Tévez,Famosos
Davo Xeneize,Famosos
Diego Peretti,Famosos
Marcelo Polino,Famosos
José Maria Listorti,Famosos
Gastón Edul,Famosos
Pedro Alfonso,Famosos
Sergio Massa,Famosos
Horacio Rodríguez Larreta,Famosos
Patricia Bullrich,Famosos
Alberto Fernández,Famosos
Javier Saviola,Famosos
Benjamin Rojas,Famosos
Juana Viale,Famosos
Martín Lousteau,Famosos
Martín Garabal,Famosos
Ricardo Fort,Famosos
Celeste Cid,Famosos
Zaira Nara,Famosos
Juli Poggio,Famosos
Sol Pérez,Famosos
Catherine Fulop,Famosos
Luciana Salazar,Famosos
Nicole Neuman,Famosos
Lizy Tagliani,Famosos
Momi Giardina,Famosos
Stephanie Demner,Famosos
Vicky Xipolitakis,Famosos
Flor Vigna,Famosos
Evangelina Anderson,Famosos
Rapanui,Marcas
YPF,Marcas
Quilmes,Marcas
Havanna,Marcas
Cachafaz,Marcas
Bon o Bon,Marcas
Mostaza,Marcas
Freddo,Marcas
Fernet,Marcas
Gancia,Marcas
OSDE,Marcas
Garbarino,Marcas
Dia,Marcas
Termidor,Marcas
Guaymallen,Marcas
Lucciano's,Marcas
Arcor,Marcas
Terrabusi,Marcas
Don Satur,Marcas
Mantecol,Marcas
Movistar,Marcas
Cablevision,Marcas
Mercado Libre,Marcas
Lali Esposito,Música
Emilia Mernes,Música
Tini,Música
Luck Ra,Música
Miranda,Música
Nicki Nicole,Música
Rusherking,Música
Lit killah,Música
Tiago PZK,Música
Tan Biónica,Música
Diego Torres,Música
Charly García,Música
Gustavo Cerati,Música
Callejeros,Música
Bizarrap,Música
Karina,Música
Damas Gratis,Música
Rodrigo,Música
Trueno,Música
Coca Cola,Marcas
Mc Donalds,Marcas
Bob Esponja,Entretenimiento
Bad Bunny,Música
Franco Colapinto,Deporte
Chano,Música
Avatar,Entretenimiento
KFC,Marcas
Pikachu,Entretenimiento
Voldemort,Entretenimiento
Rayo McQueen,Entretenimiento
Woody Toy Story,Entretenimiento
Buzz Lightyear,Entretenimiento
Rosalia,Música
YSY A,Música
Justin Bieber,Música
Hasbulla,Famosos
Grego Rosello,Famosos
Luquitas Rodriguez,Famosos
Ibai,Famosos
Spiderman,Entretenimiento
Batman,Entretenimiento
Flash,Entretenimiento
Superman,Entretenimiento
Hulk,Entretenimiento
Thor,Entretenimiento
Donald Trump,Famosos
Milo J,Música
Daddy Yankee,Música
Quevedo,Música
Bizarrap,Música
Funko POP,Marcas
Cristiano Ronaldo,Deporte
Michael Jordan,Deporte
Lionel Messi,Deporte
Bresh,Marcas
LUZU,Marcas
OLGA,Marcas
Mario Bros,Entretenimiento
Crash Bandicoot,Entretenimiento
Tomb Raider,Entretenimiento
Counter Strike,Entretenimiento
FIFA,Entretenimiento
Starbucks,Marcas
Apple,Marcas
Stich,Entretenimiento
Wall-E,Entretenimiento
Nemo,Entretenimiento
Chocolate Dubai,Comida / Bebida
Marcelo Tinelli,Famosos
Dua Lipa,Música
Real Madrid,Deporte
Paris,Mundi
Buenos Aires,Mundi
Rio de Janeiro,Mundi
Ushuaia,Mundi
Nueva York,Mundi
Australia,Mundi
Mexico,Mundi
España,Mundi
Italia,Mundi
Handball,Deporte
Futbol,Deporte
Voley,Deporte
Basket,Deporte
Maradona,Deporte
Harry Potter,Entretenimiento
Shrek,Entretenimiento
Japon,Mundi
Ibai,Famosos
Salchica,Comida / Bebida